{
    "name": "root",
    "gauges": {
        "AIFlappyBird.Policy.Entropy.mean": {
            "value": 0.05920729786157608,
            "min": 0.05075791850686073,
            "max": 0.69306480884552,
            "count": 203
        },
        "AIFlappyBird.Policy.Entropy.sum": {
            "value": 295.08917236328125,
            "min": 253.332763671875,
            "max": 3490.2744140625,
            "count": 203
        },
        "AIFlappyBird.Environment.EpisodeLength.mean": {
            "value": 2679.0,
            "min": 48.81,
            "max": 4999.0,
            "count": 203
        },
        "AIFlappyBird.Environment.EpisodeLength.sum": {
            "value": 2679.0,
            "min": 343.0,
            "max": 9813.0,
            "count": 203
        },
        "AIFlappyBird.Step.mean": {
            "value": 1014969.0,
            "min": 4988.0,
            "max": 1014969.0,
            "count": 203
        },
        "AIFlappyBird.Step.sum": {
            "value": 1014969.0,
            "min": 4988.0,
            "max": 1014969.0,
            "count": 203
        },
        "AIFlappyBird.Policy.ExtrinsicValueEstimate.mean": {
            "value": 2.0427610874176025,
            "min": -0.7731416821479797,
            "max": 2.0427610874176025,
            "count": 203
        },
        "AIFlappyBird.Policy.ExtrinsicValueEstimate.sum": {
            "value": 159.33535766601562,
            "min": -84.27244567871094,
            "max": 162.29901123046875,
            "count": 203
        },
        "AIFlappyBird.Environment.CumulativeReward.mean": {
            "value": 46.3599943369627,
            "min": -0.9002400219440461,
            "max": 102.99998821131885,
            "count": 203
        },
        "AIFlappyBird.Environment.CumulativeReward.sum": {
            "value": 46.3599943369627,
            "min": -90.0240021944046,
            "max": 200.62997549585998,
            "count": 203
        },
        "AIFlappyBird.Policy.ExtrinsicReward.mean": {
            "value": 46.3599943369627,
            "min": -0.9002400219440461,
            "max": 102.99998821131885,
            "count": 203
        },
        "AIFlappyBird.Policy.ExtrinsicReward.sum": {
            "value": 46.3599943369627,
            "min": -90.0240021944046,
            "max": 200.62997549585998,
            "count": 203
        },
        "AIFlappyBird.IsTraining.mean": {
            "value": 1.0,
            "min": 1.0,
            "max": 1.0,
            "count": 203
        },
        "AIFlappyBird.IsTraining.sum": {
            "value": 1.0,
            "min": 1.0,
            "max": 1.0,
            "count": 203
        },
        "AIFlappyBird.Losses.PolicyLoss.mean": {
            "value": 0.028857122578968605,
            "min": 0.017061091245462498,
            "max": 0.03233397211879492,
            "count": 98
        },
        "AIFlappyBird.Losses.PolicyLoss.sum": {
            "value": 0.028857122578968605,
            "min": 0.017061091245462498,
            "max": 0.03233397211879492,
            "count": 98
        },
        "AIFlappyBird.Losses.ValueLoss.mean": {
            "value": 0.004240882645050684,
            "min": 0.002567511354573071,
            "max": 0.10161581144978603,
            "count": 98
        },
        "AIFlappyBird.Losses.ValueLoss.sum": {
            "value": 0.004240882645050684,
            "min": 0.002567511354573071,
            "max": 0.10161581144978603,
            "count": 98
        },
        "AIFlappyBird.Policy.LearningRate.mean": {
            "value": 0.00023958968013678005,
            "min": 0.00023958968013678005,
            "max": 0.0002993829002057,
            "count": 98
        },
        "AIFlappyBird.Policy.LearningRate.sum": {
            "value": 0.00023958968013678005,
            "min": 0.00023958968013678005,
            "max": 0.0002993829002057,
            "count": 98
        },
        "AIFlappyBird.Policy.Epsilon.mean": {
            "value": 0.17986321999999996,
            "min": 0.17986321999999996,
            "max": 0.19979429999999995,
            "count": 98
        },
        "AIFlappyBird.Policy.Epsilon.sum": {
            "value": 0.17986321999999996,
            "min": 0.17986321999999996,
            "max": 0.19979429999999995,
            "count": 98
        },
        "AIFlappyBird.Policy.Beta.mean": {
            "value": 0.003995174677999998,
            "min": 0.003995174677999998,
            "max": 0.004989735569999998,
            "count": 98
        },
        "AIFlappyBird.Policy.Beta.sum": {
            "value": 0.003995174677999998,
            "min": 0.003995174677999998,
            "max": 0.004989735569999998,
            "count": 98
        }
    },
    "metadata": {
        "timer_format_version": "0.1.0",
        "start_time_seconds": "1711806548",
        "python_version": "3.9.13 (tags/v3.9.13:6de2ca5, May 17 2022, 16:36:42) [MSC v.1929 64 bit (AMD64)]",
        "command_line_arguments": "C:\\Users\\ewwes\\AppData\\Local\\Programs\\Python\\Python39\\Scripts\\mlagents-learn .\\results\\NewAIFlappyBird\\configuration.yaml --resume",
        "mlagents_version": "1.0.0",
        "mlagents_envs_version": "1.0.0",
        "communication_protocol_version": "1.5.0",
        "pytorch_version": "2.2.1+cpu",
        "numpy_version": "1.21.2",
        "end_time_seconds": "1711810500"
    },
    "total": 3951.8207672999997,
    "count": 1,
    "self": 0.003292799999599083,
    "children": {
        "run_training.setup": {
            "total": 0.06948410000000016,
            "count": 1,
            "self": 0.06948410000000016
        },
        "TrainerController.start_learning": {
            "total": 3951.7479904,
            "count": 1,
            "self": 12.724824500027808,
            "children": {
                "TrainerController._reset_env": {
                    "total": 13.4903521,
                    "count": 1,
                    "self": 13.4903521
                },
                "TrainerController.advance": {
                    "total": 3925.5056873999724,
                    "count": 1015584,
                    "self": 11.64396260007561,
                    "children": {
                        "env_step": {
                            "total": 3692.6984608997127,
                            "count": 1015584,
                            "self": 2885.4623166999404,
                            "children": {
                                "SubprocessEnvManager._take_step": {
                                    "total": 798.95992719991,
                                    "count": 1015584,
                                    "self": 34.26558169972532,
                                    "children": {
                                        "TorchPolicy.evaluate": {
                                            "total": 764.6943455001847,
                                            "count": 1015584,
                                            "self": 764.6943455001847
                                        }
                                    }
                                },
                                "workers": {
                                    "total": 8.276216999862186,
                                    "count": 1015583,
                                    "self": 0.0,
                                    "children": {
                                        "worker_root": {
                                            "total": 3856.970020899987,
                                            "count": 1015583,
                                            "is_parallel": true,
                                            "self": 1659.6365241000622,
                                            "children": {
                                                "steps_from_proto": {
                                                    "total": 0.00033729999999998483,
                                                    "count": 1,