{"count":1,"self":40.206764799999995,"total":44.1186894,"children":{"InitializeActuators":{"count":1,"self":0.0020073,"total":0.0020073,"children":null},"InitializeSensors":{"count":1,"self":0.0029995,"total":0.0029995,"children":null},"AgentSendState":{"count":1955,"self":0.14360209999999998,"total":0.1651538,"children":{"CollectObservations":{"count":1955,"self":0.0039991,"total":0.0039991,"children":null},"WriteActionMask":{"count":1955,"self":0.0020012999999999997,"total":0.0020012999999999997,"children":null},"RequestDecision":{"count":1955,"self":0.015551299999999999,"total":0.015551299999999999,"children":null}}},"DecideAction":{"count":1955,"self":2.9249959999999997,"total":3.1634092999999996,"children":{"RayPerceptionSensor.Perceive":{"count":1955,"self":0.2384132,"total":0.2384132,"children":null}}},"AgentAct":{"count":1955,"self":0.5773549,"total":0.5773549,"children":null}},"gauges":{"AIFlappyBird.CumulativeReward":{"count":8,"max":1.64000511,"min":-0.6799997,"runningAverage":0.589250743,"value":0.47999835,"weightedAverage":0.610964656}},"metadata":{"timer_format_version":"0.1.0","start_time_seconds":"1711813296","unity_version":"2023.1.11f1","command_line_arguments":"D:\\2023.1.11f1\\Editor\\Unity.exe -openfile D:\\serious_game\\AIGaming_FinalProject\\Assets\\Scenes\\GameScene.unity","communication_protocol_version":"1.5.0","com.unity.ml-agents_version":"2.0.1","scene_name":"GameScene","end_time_seconds":"1711813340"}}